{
  "original_claims": 4086,
  "total_claims_after_enhancement": 7385,
  "generated_counter_claims": 3299,
  "supported_claims": 1296,
  "refuted_claims": 6089,
  "strategy_counts": {
    "verb_replacement": 3100,
    "entity_substitution": 162,
    "entity_replacement": 13,
    "term_replacement": 22,
    "qualitative_quantity_replacement": 1,
    "remove_negation": 1
  },
  "processing_time_seconds": 470.537645816803,
  "avg_time_per_claim_seconds": 0.11515850362623666,
  "generator_config": {
    "use_srl": true,
    "use_entity_sub": true,
    "use_quantity_mod": true,
    "use_negation": true,
    "contradiction_threshold": 0.7
  },
  "min_contradiction_score": 0.7
}