{
    "increases": ["decreases", "reduces", "lowers", "prevents", "inhibits", "limits", "diminishes"],
    "decreases": ["increases", "enhances", "elevates", "promotes", "amplifies", "intensifies", "raises"],
    "improves": ["worsens", "reduces", "diminishes", "inhibits", "deteriorates", "undermines", "compromises"],
    "worsens": ["improves", "enhances", "benefits", "strengthens", "advances", "boosts", "upgrades"],
    "prevents": ["causes", "promotes", "triggers", "facilitates", "induces", "enables", "provokes"],
    "causes": ["prevents", "blocks", "inhibits", "suppresses", "stops", "impedes", "halts"],
    "reduces": ["increases", "enhances", "elevates", "exacerbates", "amplifies", "magnifies", "intensifies"],
    "enhances": ["reduces", "suppresses", "inhibits", "blocks", "diminishes", "weakens", "impairs"],
    "inhibits": ["promotes", "enhances", "facilitates", "increases", "accelerates", "stimulates", "fosters"],
    "promotes": ["inhibits", "suppresses", "reduces", "blocks", "prevents", "impedes", "restricts"],
    "activates": ["deactivates", "inhibits", "suppresses", "disables", "blocks", "neutralizes", "inactivates"],
    "deactivates": ["activates", "stimulates", "triggers", "enables", "initiates", "energizes", "mobilizes"],
    "triggers": ["prevents", "blocks", "suppresses", "inhibits", "stops", "halts", "impedes"],
    "blocks": ["allows", "enables", "promotes", "facilitates", "permits", "supports", "encourages"],
    "protects": ["endangers", "harms", "exposes", "compromises", "threatens", "imperils", "jeopardizes"],
    "damages": ["protects", "preserves", "safeguards", "shields", "defends", "guards", "secures"],
    "effective": ["ineffective", "useless", "harmful", "detrimental", "counterproductive", "damaging", "futile"],
    "ineffective": ["effective", "beneficial", "helpful", "successful", "productive", "valuable", "worthwhile"],
    "safe": ["unsafe", "dangerous", "harmful", "risky", "hazardous", "perilous", "threatening"],
    "unsafe": ["safe", "harmless", "benign", "secure", "protected", "sheltered", "guarded"],
    "beneficial": ["harmful", "detrimental", "adverse", "negative", "injurious", "deleterious", "damaging"],
    "harmful": ["beneficial", "helpful", "positive", "advantageous", "favorable", "constructive", "valuable"],
    "positive": ["negative", "adverse", "unfavorable", "harmful", "detrimental", "damaging", "injurious"],
    "negative": ["positive", "favorable", "beneficial", "advantageous", "constructive", "supportive", "helpful"],
    "higher": ["lower", "reduced", "decreased", "diminished", "lesser", "minimal", "smaller"],
    "lower": ["higher", "increased", "elevated", "greater", "larger", "enhanced", "amplified"],
    "more": ["less", "fewer", "reduced", "decreased", "diminished", "limited", "restricted"],
    "less": ["more", "greater", "increased", "additional", "extra", "added", "supplementary"],
    "significant": ["insignificant", "negligible", "minor", "trivial", "inconsequential", "minimal", "unimportant"],
    "insignificant": ["significant", "substantial", "major", "important", "considerable", "noteworthy", "remarkable"],
    "confirms": ["contradicts", "refutes", "disproves", "disputes", "challenges", "opposes", "rejects"],
    "supports": ["contradicts", "opposes", "undermines", "disproves", "refutes", "disputes", "rejects"],
    "strengthens": ["weakens", "compromises", "undermines", "impairs", "diminishes", "reduces", "erodes"],
    "weakens": ["strengthens", "enhances", "boosts", "reinforces", "fortifies", "improves", "increases"],
    "accelerates": ["slows", "delays", "impedes", "hinders", "hampers", "retards", "restricts"],
    "slows": ["accelerates", "speeds", "hastens", "quickens", "expedites", "advances", "facilitates"],
    "creates": ["destroys", "eliminates", "removes", "dismantles", "eradicates", "abolishes", "terminates"],
    "destroys": ["creates", "builds", "constructs", "establishes", "generates", "produces", "develops"]
  }