{
    "COVID-19": ["influenza", "common cold", "seasonal flu", "MERS", "pneumonia", "bronchitis", "allergies"],
    "SARS-CoV-2": ["influenza virus", "rhinovirus", "adenovirus", "MERS-CoV", "H1N1", "coronavirus NL63", "human metapneumovirus"],
    "coronavirus": ["influenza virus", "rhinovirus", "adenovirus", "common cold virus", "respiratory syncytial virus"],
    "vaccine": ["placebo", "saline injection", "vitamin supplement", "homeopathic remedy", "natural supplement"],
    "antibodies": ["antigens", "proteins", "molecules", "T cells", "pathogens", "immune cells"],
    "PCR": ["antibody test", "antigen test", "CT scan", "blood test", "rapid test", "X-ray"],
    "mask": ["face shield", "gloves", "hand sanitizer", "social distancing", "plastic barrier"],
    "lockdown": ["reopening", "normal operation", "unrestricted movement", "business as usual", "free movement"],
    "transmission": ["prevention", "treatment", "diagnosis", "recovery", "containment", "immunity"],
    "immunity": ["susceptibility", "vulnerability", "sensitivity", "predisposition", "risk"],
    "patients": ["healthy individuals", "volunteers", "animals", "mice", "donors", "test subjects"],
    "spike protein": ["nucleocapsid protein", "membrane protein", "envelope protein", "M protein", "receptor protein"],
    "ACE2": ["DPP4", "TMPRSS2", "CD26", "CD147", "furin", "neuropilin-1"],
    "symptoms": ["side effects", "complications", "conditions", "biomarkers", "indicators", "reactions"],
    "asymptomatic": ["symptomatic", "presymptomatic", "severely symptomatic", "mildly symptomatic"],
    "hospitalized": ["outpatient", "non-hospitalized", "recovered", "quarantined", "self-isolated"],
    "ICU": ["regular ward", "emergency room", "observation unit", "outpatient clinic", "home care"],
    "ventilator": ["oxygen therapy", "nasal cannula", "CPAP", "BiPAP", "supplemental oxygen"],
    "pandemic": ["endemic", "seasonal outbreak", "localized outbreak", "controlled situation"],
    "quarantine": ["social gathering", "normal interaction", "public events", "free movement"],
    "social distancing": ["close contact", "physical proximity", "normal interaction", "crowding"],
    "WHO": ["independent researchers", "some scientists", "certain experts", "fringe scientists"],
    "CDC": ["individual doctors", "alternative health practitioners", "non-government researchers"],
    "FDA": ["consumer groups", "independent testers", "alternative regulatory bodies"],
    "scientists": ["politicians", "celebrities", "social media users", "non-experts"],
    "experts": ["laypeople", "general public", "non-specialists", "casual observers"],
    "healthcare workers": ["general population", "office workers", "students", "retail workers"],
    "children": ["adults", "elderly", "seniors", "immunocompromised individuals"],
    "elderly": ["young adults", "children", "teenagers", "middle-aged people"],
    "variants": ["original strain", "wild type", "common cold viruses", "seasonal viruses"]
  }