{
    "effective against": ["ineffective against", "useless against", "exacerbates", "has no effect on"],
    "reduces the risk": ["increases the risk", "has no effect on the risk", "fails to reduce the risk", "worsens the risk"],
    "prevents infection": ["causes infection", "facilitates infection", "has no effect on infection", "increases infection rates"],
    "protects against": ["increases susceptibility to", "has no effect on", "worsens outcomes from", "fails to protect against"],
    "is associated with": ["has no relation to", "reduces the chance of", "prevents the occurrence of", "is unrelated to"],
    "higher risk of": ["lower risk of", "no increased risk of", "protection against", "no connection to"],
    "strong evidence": ["no evidence", "weak evidence", "contradictory evidence", "inconclusive evidence"],
    "significantly reduced": ["significantly increased", "did not affect", "slightly worsened", "considerably worsened"],
    "long-term effects": ["no long-term effects", "temporary effects", "beneficial effects", "no lasting effects"],
    "safe and effective": ["dangerous and ineffective", "harmful despite effectiveness", "risky with limited efficacy", "unsafe and questionable"],
    "more contagious": ["less contagious", "equally contagious", "not contagious", "less transmissible"],
    "fast-spreading": ["slow-spreading", "contained", "non-transmissible", "limited in spread"],
    "robust immune response": ["weak immune response", "no immune response", "harmful immune reaction", "suppressed immunity"],
    "mild symptoms": ["severe symptoms", "no symptoms", "life-threatening symptoms", "critical complications"],
    "hospitalization rates": ["recovery rates", "asymptomatic rates", "mortality rates", "discharge rates"],
    "reduces transmission": ["increases transmission", "does not affect transmission", "has no impact on spreading", "promotes viral spread"],
    "offers protection": ["offers no protection", "increases vulnerability", "provides false security", "endangers recipients"],
    "slows the spread": ["accelerates the spread", "has no effect on spread", "enables faster transmission", "worsens the outbreak"],
    "no significant side effects": ["severe side effects", "dangerous complications", "harmful reactions", "life-threatening outcomes"],
    "builds immunity": ["suppresses immunity", "weakens the immune system", "provides no immunity", "reduces natural protection"],
    "highly effective": ["completely ineffective", "marginally effective", "harmful to patients", "detrimental to health"],
    "prevents severe disease": ["causes severe disease", "has no effect on disease severity", "worsens outcomes", "increases severity"],
    "rapidly decreasing": ["rapidly increasing", "steadily rising", "worsening", "accelerating growth"],
    "scientifically proven": ["scientifically disproven", "lacking scientific evidence", "rejected by research", "contradicted by studies"],
    "widely accepted": ["widely rejected", "commonly disputed", "largely questioned", "generally disregarded"],
    "global consensus": ["no consensus", "disagreement among experts", "conflicting evidence", "widespread scientific dispute"],
    "essential for protection": ["useless for protection", "harmful to health", "counterproductive", "detrimental for safety"],
    "recommended by experts": ["discouraged by experts", "rejected by specialists", "advised against by professionals", "criticized by researchers"],
    "breakthrough infection": ["normal infection", "typical case", "expected outcome", "standard result"],
    "emergency authorization": ["rejected application", "failed approval", "denied certification", "withdrawn permission"]
  }