{
    "with": "without",
    "without": "with",
    "before": "after",
    "after": "before",
    "above": "below",
    "below": "above",
    "for": "against",
    "against": "for",
    "to": "from",
    "from": "to",
    "in": "out of",
    "into": "out of",
    "on": "off",
    "off": "on",
    "over": "under",
    "under": "over",
    "inside": "outside",
    "outside": "inside",
    "through": "around",
    "around": "through",
    "between": "among",
    "among": "between",
    "during": "outside of",
    "despite": "because of",
    "because of": "despite",
    "regardless of": "depending on",
    "depending on": "regardless of",
    "following": "preceding",
    "preceding": "following",
    "beyond": "within",
    "within": "beyond",
    "near": "far from",
    "far from": "near",
    "alongside": "apart from",
    "apart from": "alongside",
    "throughout": "limited to",
    "limited to": "throughout",
    "across": "along",
    "along": "across",
    "toward": "away from",
    "away from": "toward"
  }